“s“¹•{Œ§,‘I‹“ŠÇ—ˆÏˆõ‰ï
–kŠC“¹,https://www.pref.hokkaido.lg.jp/hs/201107.html
ÂX,https://www.pref.aomori.lg.jp/soshiki/senkan/50shuugiin.html
Šâè,https://www.pref.iwate.jp/iinkai/senkyo/1078078/index.html
‹{é,https://www.pref.miyagi.jp/soshiki/senkyo/50syugi.html
H“c,https://www.pref.akita.lg.jp/pages/archive/84852
RŒ`,https://www.pref.yamagata.jp/910001/kensei/senkyo/yotei_kekka/50syuinsen-top.html
•Ÿ“‡,https://www.pref.fukushima.lg.jp/sec/62010a/50syuuin.html
ˆïé,https://www.pref.ibaraki.jp/somu/shichoson/senkyo/senkan/2021syugi/50_syuuin.html
“È–Ø,https://www.pref.tochigi.lg.jp/k05/index.html
ŒQ”n,https://www.pref.gunma.jp/page/667005.html
é‹Ê,https://www.pref.saitama.lg.jp/e1701/50shuuinsen.html
ç—t,https://www.pref.chiba.lg.jp/senkan/50shuinsen/r6-1027.html
“Œ‹,https://www.senkyo.metro.tokyo.lg.jp/
_“Şì,https://www.pref.kanagawa.jp/docs/em7/cnt/f5/
VŠƒ,https://www.pref.niigata.lg.jp/site/senkyo/
•xR,https://www.pref.toyama.jp/500/6syuugiin.html
Îì,https://www.pref.ishikawa.lg.jp/senkan/50shugi/top.html
•Ÿˆä,https://www.pref.fukui.lg.jp/doc/senkan/r6syuuinsen.html
R—œ,https://www.pref.yamanashi.jp/senkyo/r6_50syugiin.html
’·–ì,https://www.pref.nagano.lg.jp/senkan/kensei/soshiki/soshiki/kencho/senkyo/senkyo/index.html
Od,https://www.pref.mie.lg.jp/SENKAN/HP/000242300_00001.htm
ˆ¤’m,https://www.pref.aichi.jp/senkyo/
Ã‰ª,https://www.pref.shizuoka.jp/kensei/senkyo/shugiin2024/index.htmlhttps://www.pref.shizuoka.jp/kensei/senkyo/shugiin2024/index.html
Šò•Œ,https://www.pref.gifu.lg.jp/site/r06shugiin/
˜a‰ÌR,https://www.pref.wakayama.lg.jp/prefg/010600/wsenkan/2024shu.html
“Ş—Ç,https://www.pref.nara.jp/1701.htm
•ºŒÉ,https://web.pref.hyogo.lg.jp/si01/senkyo/2024senkyo/syugiin.html
‘åã,https://www.pref.osaka.lg.jp/o190010/senkan/r6syuugiinsenkyo.html
‹“s,https://www.pref.kyoto.jp/senkyo/syugiinr6nen.html
 ‰ê,https://www.pref.shiga.lg.jp/senkyo/kokusei/syuugiin/339933.html
‰ªR,https://www.pref.okayama.jp/page/937053.html
“‡ª,https://www.pref.shimane.lg.jp/senkyo/
’¹æ,https://www.pref.tottori.lg.jp/319373.htm
L“‡,https://www.pref.hiroshima.lg.jp/site/sennkyokannriiinkai/r6shuugi-senkyo.html
RŒû,https://www.pref.yamaguchi.lg.jp/soshiki/176/
“¿“‡,https://www.pref.tokushima.lg.jp/kenseijoho/senkyo/7243976/
‚’m,https://www.pref.kochi.lg.jp/soshiki/270000/270101/
ˆ¤•Q,https://www.pref.ehime.jp/soshiki/127/
ì,https://www.pref.kagawa.lg.jp/senkyoi/50syuugi/index.html
•Ÿ‰ª,https://www.pref.fukuoka.lg.jp/soshiki/8000000/
²‰ê,https://www.pref.saga.lg.jp/list00147.html
’·è,https://www.pref.nagasaki.jp/bunrui/kenseijoho/senkyojoho/shugiin/
ŒF–{,https://www.pref.kumamoto.jp/soshiki/147/
‘å•ª,https://www.pref.oita.jp/site/senkyo/
‹{è,https://www.pref.miyazaki.lg.jp/senkyo/kense/senkyo/20241001194713.html
­™“‡,https://www.pref.kagoshima.jp/kensei/senkyo/index.html
‰«“ê,https://www.pref.okinawa.lg.jp/kensei/kencho/1000011/1024094.html
